timestamp,query,answer,sources
2025-04-25 23:09:18,What were the major financial highlights in Microsoft's 2024 report?,"Some major financial highlights from Microsoft's 2024 report included:
- Microsoft Cloud revenue increased by 23% to $137.4 billion.
- Office Commercial products and cloud services revenue increased by 14%, driven by Office 365 Commercial growth of 16%.
- Office Consumer products and cloud services revenue increased by 4%, with Microsoft 365 Consumer subscribers growing to 82.5 million.
- LinkedIn revenue increased by 9%.
- Dynamics products and cloud services revenue increased by 19%, driven by Dynamics 365 growth of 24%.
- Server products and cloud services revenue increased by 22%, driven by Azure and other cloud services growth of 30%.","audience; and designing and selling devices. Our most significant expenses are related to compensating employees; 
supporting and investing in our cloud-based services, including datacenter operations | compared to the year ended June 30, 2022, please refer to “Management’s Discussion and Analysis of Financial Condition 
and Results of Operations” in our Annual Report on Form 10-K for the year ended  | Factors,” “Management’s Discussion and Analysis of Financial Condition and Results of Operations,” and “Quantitative and 
Qualitative Disclosures About Market Risk” in our fiscal year 2024 Form 10-K. "
2025-04-25 23:15:46,Summarize the major financial risks mentioned.,"The major financial risks mentioned in the provided context are foreign exchange rate risk, interest rate risk, credit risk, and equity price risk. The company is exposed to these risks due to fluctuations in foreign exchange rates, changes in interest rates affecting fixed-income securities, credit risks associated with the fixed-income portfolio, and market price risks related to equity investments. The company uses derivative instruments to manage these risks but acknowledges that they may still impact their financial statements.","Alice L. Jolla  
Corporate Vice President and Chief Accounting Officer  
  
 
42 
QUANTITATIVE AND QUALITATIVE DISCLOSURES ABOUT MARKET RISK  
RISKS  
We are exposed to economic risk from foreign exch | Interest Rate  
Securities held in our fixed-income portfolio are subject to different interest rate risks based on their maturities. We manage 
the average maturity of the fixed-income portfolio to a | exchange rates on certain balance sheet amounts and to manage other foreign currency exposures.  
Interest Rate  
Interest rate risks related to certain fixed-rate debt are hedged using interest rate "
2025-04-25 23:16:10,Describe the growth in Microsoft's cloud segment.,"In fiscal year 2024, Microsoft's cloud segment experienced significant growth. The Microsoft Cloud revenue increased by 23% to $137.4 billion. Specifically, the Intelligent Cloud revenue increased by $17.5 billion or 20%, with Server products and cloud services revenue increasing by $17.8 billion or 22%. This growth was primarily driven by Azure and other cloud services, with Azure and other cloud services revenue growing by 30%. The growth in the cloud segment contributed to an increase in operating income by $11.7 billion or 31%. The cloud business benefited from economies of scale, including lower costs per unit in datacenters, improved utilization of resources, and lower application maintenance labor costs in multi-tenancy locations. Azure, as a key component of the Microsoft Cloud, uniquely offers hybrid consistency, developer productivity, data and AI capabilities, and trusted security and compliance.","audience; and designing and selling devices. Our most significant expenses are related to compensating employees; 
supporting and investing in our cloud-based services, including datacenter operations | Intelligent Cloud  
Revenue increased $17.5 billion or 20%.  
• 
Server products and cloud services revenue increased $17.8 billion or 22% driven by Azure and other cloud 
services. Azure and other cl | and sustainable computing to meet the growing demand for fast access to Microsoft services provided by our network of 
cloud computing and AI infrastructure and datacenters.  
Our cloud business benef"
2025-04-25 23:17:38,What are Microsoft’s sustainability goals?,"Microsoft has committed to being a carbon negative, water positive, and zero waste company by 2030. They are actively working towards these goals by investing in clean electricity infrastructure, supporting renewable energy projects, and advancing sustainability in various areas, including AI technology. They regularly publish Environmental Sustainability Reports to track and share their progress towards these commitments.","more.  
Our future growth depends on our ability to transcend current product category definitions, business models, and sales 
motions.  
Corporate Social Responsibility  
Commitment to Sustainabilit | advancing the sustainability of AI, from design to construction to operations, all while working to improve the efficiency of 
these technologies. We’re also investing in innovation through Microsoft’ | interesting.  
• 
Opportunities to sign up for email alerts to have information pushed in real time.  
We publish a variety of reports and resources related to our Corporate Social Responsibility prog"
2025-04-25 23:17:58,How did Microsoft's revenue change year-over-year?,"Microsoft's revenue increased year-over-year in various segments:
- More Personal Computing revenue increased by $7.3 billion or 13%.
- Intelligent Cloud revenue increased by $17.5 billion or 20%.
These increases were primarily driven by growth in areas like Azure, Windows Commercial, Windows OEM, Xbox content and services, Office Commercial products, Dynamics products, and cloud services.","primarily driven by improvement in Azure, inclusive of scaling our AI infrastructure, offset in part by sales mix 
shift to Azure.  
• 
Operating expenses decreased slightly primarily driven by the pr | audience; and designing and selling devices. Our most significant expenses are related to compensating employees; 
supporting and investing in our cloud-based services, including datacenter operations | Intelligent Cloud  
Revenue increased $17.5 billion or 20%.  
• 
Server products and cloud services revenue increased $17.8 billion or 22% driven by Azure and other cloud 
services. Azure and other cl"
